{
    "Performance": {
        "simple_filter_official": {
            "average": 4.089544772386196,
            "mean": 4,
            "break_down": {
                "2": 78,
                "3": 514,
                "4": 796,
                "5": 431,
                "6": 138,
                "7": 31,
                "8": 8,
                "9": 1,
                "10": 2
            }
        },
        "simple_filter_all_5": {
            "average": 5.163581790895446,
            "mean": 5,
            "break_down": {
                "2": 20,
                "3": 182,
                "4": 532,
                "5": 597,
                "6": 348,
                "7": 170,
                "8": 68,
                "9": 44,
                "10": 23,
                "11": 9,
                "12": 4,
                "13": 1,
                "15": 1
            }
        },
        "smart_guess_official": {
            "average": 3.6923461730865434,
            "mean": 3,
            "break_down": {
                "1": 1,
                "2": 101,
                "3": 810,
                "4": 786,
                "5": 230,
                "6": 50,
                "7": 15,
                "8": 5,
                "9": 1
            }
        },
        "smart_guess_all_5": {
            "average": 4.825412706353169,
            "mean": 4,
            "break_down": {
                "2": 21,
                "3": 294,
                "4": 707,
                "5": 483,
                "6": 241,
                "7": 131,
                "8": 50,
                "9": 34,
                "10": 20,
                "11": 11,
                "12": 4,
                "13": 1,
                "14": 2
            }
        },
        "index_decision_official": {
            "average": 3.688344172086042,
            "mean": 4,
            "break_down": {
                "1": 2,
                "2": 115,
                "3": 762,
                "4": 809,
                "5": 260,
                "6": 40,
                "7": 9,
                "8": 2
            }
        },
        "index_decision_all_5": {
            "average": 4.495747873936969,
            "mean": 4,
            "break_down": {
                "2": 50,
                "3": 370,
                "4": 731,
                "5": 484,
                "6": 218,
                "7": 76,
                "8": 47,
                "9": 14,
                "10": 8,
                "11": 1
            }
        },
        "outside_the_box_official": {
            "average": 3.9109554777388693,
            "mean": 4,
            "break_down": {
                "2": 91,
                "3": 554,
                "4": 902,
                "5": 360,
                "6": 80,
                "7": 10,
                "8": 2
            }
        },
        "outside_the_box_large": {
            "average": 4.469734867433714,
            "mean": 4,
            "break_down": {
                "2": 44,
                "3": 385,
                "4": 735,
                "5": 496,
                "6": 193,
                "7": 90,
                "8": 35,
                "9": 11,
                "10": 6,
                "11": 3,
                "12": 1
            }
        }
    }
}