{
    "simple_filter_official": 4.64432216108055,
    "simple_filter_all_5": 5.148574287143577,
    "smart_guess_official": 4.317158579289645,
    "smart_guess_all_5": 4.844422211105557,
    "index_decision_official": 4.304652326163074,
    "index_decision_all_5": 4.802901450725373
}