{
    "Performance": {
        "simple_filter_official": {
            "average": 4.089544772386196,
            "mean": 4,
            "break_down": {
                "2": 78,
                "3": 514,
                "4": 796,
                "5": 431,
                "6": 138,
                "7": 31,
                "8": 8,
                "9": 1,
                "10": 2
            }
        },
        "simple_filter_all_5": {
            "average": 5.163581790895446,
            "mean": 5,
            "break_down": {
                "2": 20,
                "3": 182,
                "4": 532,
                "5": 597,
                "6": 348,
                "7": 170,
                "8": 68,
                "9": 44,
                "10": 23,
                "11": 9,
                "12": 4,
                "13": 1,
                "15": 1
            }
        },
        "smart_guess_official": {
            "average": 3.6923461730865434,
            "mean": 3,
            "break_down": {
                "1": 1,
                "2": 101,
                "3": 810,
                "4": 786,
                "5": 230,
                "6": 50,
                "7": 15,
                "8": 5,
                "9": 1
            }
        },
        "smart_guess_all_5": {
            "average": 4.825412706353169,
            "mean": 4,
            "break_down": {
                "2": 21,
                "3": 294,
                "4": 707,
                "5": 483,
                "6": 241,
                "7": 131,
                "8": 50,
                "9": 34,
                "10": 20,
                "11": 11,
                "12": 4,
                "13": 1,
                "14": 2
            }
        },
        "index_decision_official": {
            "average": 3.639819909954977,
            "mean": 3,
            "break_down": {
                "1": 1,
                "2": 132,
                "3": 809,
                "4": 772,
                "5": 227,
                "6": 45,
                "7": 13
            }
        },
        "index_decision_all_5": {
            "average": 4.309154577288646,
            "mean": 4,
            "break_down": {
                "1": 2,
                "2": 57,
                "3": 491,
                "4": 764,
                "5": 386,
                "6": 162,
                "7": 71,
                "8": 41,
                "9": 15,
                "10": 4,
                "11": 5,
                "12": 1
            }
        },
        "outside_the_box_official": {
            "average": 3.751375687843922,
            "mean": 3,
            "break_down": {
                "2": 107,
                "3": 781,
                "4": 751,
                "5": 265,
                "6": 70,
                "7": 16,
                "8": 5,
                "9": 1,
                "10": 1,
                "11": 2
            }
        },
        "outside_the_box_large": {
            "average": 4.431715857928968,
            "mean": 4,
            "break_down": {
                "2": 51,
                "3": 524,
                "4": 742,
                "5": 374,
                "6": 161,
                "7": 66,
                "8": 35,
                "9": 16,
                "10": 12,
                "11": 7,
                "12": 4,
                "13": 2,
                "14": 3,
                "65": 1,
                "117": 1
            }
        },
        "markov_official": {
            "average": 3.7085,
            "mean": 4,
            "break_down": {
                "1": 1,
                "2": 121,
                "3": 755,
                "4": 780,
                "5": 279,
                "6": 55,
                "7": 8,
                "8": 1
            }
        }
    }
}