{
    "simple_filter_official": 4.634634634634649,
    "simple_filter_all_5": 5.156156156156158,
    "smart_guess_official": 4.345345345345342,
    "smart_guess_all_5": 4.890890890890885,
    "index_decision_official": 4.294294294294298,
    "index_decision_all_5": 4.836836836836832
}